"id","productId","imagePath"
"1","1","1637281686544.jpg"
"2","1","1637281694203.jpg"
"3","2","1637281701045.jpg"
"4","39","1637281787513.jpg"
"5","39","1637281794494.jpg"
"6","3","1637281707270.jpg"
"7","4","1637281717143.jpg"
"8","5","1637281723604.jpg"
"9","6","1637281734150.jpg"
"10","6","1637281743270.jpg"
"11","7","1637281753248.jpg"
"12","7","1637281761699.jpg"
"13","8","1637281768558.jpg"
"14","8","1637281774367.jpg"
"15","9","1637281493847.jpg"
"16","10","1637281499064.jpg"
"17","11","1637281504825.jpg"
"18","12","1637281511908.jpg"
"19","14","1637281521603.jpg"
"20","22","1637282063257.jpg"
"21","22","1637282070419.jpg"
"22","23","1637282076356.jpg"
"23","24","1637282081205.jpg"
"24","25","1637282086806.jpg"
"25","26","1637282092721.jpg"
"26","15","1637279254449.jpg"
"28","15","1637279262380.jpg"
"29","16","1637279270684.jpg"
"30","16","1637279277439.jpg"
"31","17","1637279290772.jpg"
"32","17","1637279300465.jpg"
"33","18","1637279443240.jpg"
"34","18","1637279451429.jpg"
"35","18","1637279460858.png"
"36","18","1637279473016.png"
"37","19","1637279481754.jpg"
"38","19","1637279492033.jpg"
"39","20","1637279501132.jpg"
"40","20","1637279510048.jpg"
"41","20","1637279538230.jpg"
"42","21","1637279547467.jpg"
"43","21","1637279555012.jpg"
"44","27","1637277569774.jpg"
"45","27","1637277578932.jpg"
"46","30","1637277590747.jpg"
"47","30","1637277597944.jpg"
"48","31","1637277628108.jpg"
"49","31","1637277634888.jpg"
"50","32","1637277642010.jpg"
"51","32","1637277678021.jpg"
"52","33","1637278264736.jpg"
"53","33","1637278275076.jpg"
"54","34","1637278282084.jpg"
"55","34","1637278289110.jpg"
"56","34","1637278311914.jpg"
"57","35","1637278319816.jpg"
"58","35","1637278327166.jpg"
"59","36","1637278337682.jpg"
"60","36","1637278347591.jpg"
"61","38","1637278362193.jpg"
"63","38","1637278431485.jpg"
"64","41","1637282108884.jpg"
"65","41","1637282102584.jpg"
"67","41","1637282121979.jpg"
"68","42","1637282129426.jpg"
"71","43","1637279568689.jpg"
"72","43","1637279584318.jpg"
"73","43","1637279593458.jpg"
"74","43","1638980634983.png"